
INSERT INTO direccion (id, calle, codigo_postal, ciudad, estado, pais)
VALUES (1, 'Calle 1', '24000', 'Campeche', 'Campeche', 'México');
INSERT INTO direccion (id, calle, codigo_postal, ciudad, estado, pais)
VALUES (2, 'Avenida 5', '97000', 'Mérida', 'Yucatán', 'México');
INSERT INTO direccion (id, calle, codigo_postal, ciudad, estado, pais)
VALUES (3, 'Calle 10', '64000', 'Monterrey', 'Nuevo León', 'México');
INSERT INTO direccion (id, calle, codigo_postal, ciudad, estado, pais)
VALUES (4, 'Calle 20', '03020', 'Ciudad de México', 'Ciudad de México', 'México');
INSERT INTO direccion (id, calle, codigo_postal, ciudad, estado, pais)
VALUES (5, 'Avenida 8', '24040', 'Campeche', 'Campeche', 'México');
INSERT INTO direccion (id, calle, codigo_postal, ciudad, estado, pais)
VALUES (6, 'Boulevard 15', '97100', 'Mérida', 'Yucatán', 'México');
INSERT INTO direccion (id, calle, codigo_postal, ciudad, estado, pais)
VALUES (7, 'Calle 30', '64100', 'Monterrey', 'Nuevo León', 'México');
INSERT INTO direccion (id, calle, codigo_postal, ciudad, estado, pais)
VALUES (8, 'Calle 40', '03100', 'Ciudad de México', 'Ciudad de México', 'México');
INSERT INTO direccion (id, calle, codigo_postal, ciudad, estado, pais)
VALUES (9, 'Calle 2', '24010', 'Campeche', 'Campeche', 'México');
INSERT INTO direccion (id, calle, codigo_postal, ciudad, estado, pais)
VALUES (10, 'Avenida 10', '97070', 'Mérida', 'Yucatán', 'México');



INSERT INTO hotel (id, codigo, nombre, descripcion, direccion_id, cadena, estado)
VALUES (1, 'H9002', 'Holiday Inn Mty', 'Hotel de 5 estrellas', 1, 'Holiday Inn', 1);
INSERT INTO hotel (id, codigo, nombre, descripcion, direccion_id, cadena, estado)
VALUES (2, 'H5501', 'Grand Hotel Cancún', 'Experiencia de lujo en la playa', 2, 'Grand Hotels', 1);
INSERT INTO hotel (id, codigo, nombre, descripcion, direccion_id, cadena, estado)
VALUES (3, 'H3203', 'City Center Hotel', 'Ubicado en el corazón de la ciudad', 3, 'City Hotels', 1);
INSERT INTO hotel (id, codigo, nombre, descripcion, direccion_id, cadena, estado)
VALUES (4, 'H1050', 'Paradise Resort', 'Un paraíso tropical en el Caribe', 4, 'Paradise Resorts', 1);
INSERT INTO hotel (id, codigo, nombre, descripcion, direccion_id, cadena, estado)
VALUES (5, 'H4402', 'Riviera Palace', 'Vistas impresionantes al océano', 5, 'Riviera Hotels', 1);
INSERT INTO hotel (id, codigo, nombre, descripcion, direccion_id, cadena, estado)
VALUES (6, 'H7201', 'Majestic Plaza Hotel', 'Elegancia y comodidad en el centro', 6, 'Majestic Hotels', 1);
INSERT INTO hotel (id, codigo, nombre, descripcion, direccion_id, cadena, estado)
VALUES (7, 'H6105', 'Royal Garden', 'Jardines exuberantes y spa de lujo', 7, 'Royal Hotels', 1);
INSERT INTO hotel (id, codigo, nombre, descripcion, direccion_id, cadena, estado)
VALUES (8, 'H8304', 'Ocean View Resort', 'Escapada junto al mar', 8, 'Ocean View Resorts', 1);
INSERT INTO hotel (id, codigo, nombre, descripcion, direccion_id, cadena, estado)
VALUES (9, 'H9801', 'Charming Boutique Hotel', 'Encanto y atención personalizada', 9, 'Charming Boutique', 1);
INSERT INTO hotel (id, codigo, nombre, descripcion, direccion_id, cadena, estado)
VALUES (10, 'H2502', 'Tranquil Retreat Lodge', 'Refugio en medio de la naturaleza', 10, 'Tranquil Retreat', 1);
INSERT INTO hotel (id, codigo, nombre, descripcion, direccion_id, cadena, estado)
VALUES (11, 'H4903', 'Urban Oasis Inn', 'Descanso en la bulliciosa ciudad', 1, 'Urban Oasis', 1);
INSERT INTO hotel (id, codigo, nombre, descripcion, direccion_id, cadena, estado)
VALUES (12, 'H7706', 'Sunset Beach Resort', 'Puestas de sol inolvidables', 2, 'Sunset Resorts', 1);
INSERT INTO hotel (id, codigo, nombre, descripcion, direccion_id, cadena, estado)
VALUES (13, 'H1602', 'Villa Serena', 'Encanto colonial en el casco antiguo', 3, 'Villa Serena Hotels', 1);
INSERT INTO hotel (id, codigo, nombre, descripcion, direccion_id, cadena, estado)
VALUES (14, 'H3404', 'Mountain View Lodge', 'Aventura y tranquilidad en las montañas', 4, 'Mountain View', 1);
INSERT INTO hotel (id, codigo, nombre, descripcion, direccion_id, cadena, estado)
VALUES (15, 'H5101', 'Plaza Suites', 'Espaciosas suites en el centro', 5, 'Plaza Suites', 1);
INSERT INTO hotel (id, codigo, nombre, descripcion, direccion_id, cadena, estado)
VALUES (16, 'H7202', 'Seaside Retreat', 'Descanso frente al mar', 6, 'Seaside Retreat', 1);
INSERT INTO hotel (id, codigo, nombre, descripcion, direccion_id, cadena, estado)
VALUES (17, 'H2906', 'Rustic Cabins', 'Experiencia rústica en la naturaleza', 7, 'Rustic Cabins', 1);
INSERT INTO hotel (id, codigo, nombre, descripcion, direccion_id, cadena, estado)
VALUES (18, 'H6303', 'Historic Inn', 'Historia y comodidad en un solo lugar', 8, 'Historic Inns', 1);
INSERT INTO hotel (id, codigo, nombre, descripcion, direccion_id, cadena, estado)
VALUES (19, 'H1304', 'Beachfront Paradise', 'Un paraíso en la costa', 9, 'Beachfront Paradise', 1);
INSERT INTO hotel (id, codigo, nombre, descripcion, direccion_id, cadena, estado)
VALUES (20, 'H4102', 'City Skyline Hotel', 'Vistas panorámicas de la ciudad', 10, 'City Skyline', 1);
INSERT INTO hotel (id, codigo, nombre, descripcion, direccion_id, cadena, estado)
VALUES (21, 'H7103', 'Tropical Breeze Resort', 'Brisas tropicales y playas de arena', 1, 'Tropical Breeze', 1);
INSERT INTO hotel (id, codigo, nombre, descripcion, direccion_id, cadena, estado)
VALUES (22, 'H2005', 'Mountain Lodge', 'Acogedora cabaña en las montañas', 2, 'Mountain Lodge', 1);
INSERT INTO hotel (id, codigo, nombre, descripcion, direccion_id, cadena, estado)
VALUES (23, 'H5301', 'Palm Grove Villas', 'Villas privadas entre palmeras', 3, 'Palm Grove Villas', 1);
INSERT INTO hotel (id, codigo, nombre, descripcion, direccion_id, cadena, estado)
VALUES (24, 'H3701', 'Lake View Inn', 'Vistas al lago y actividades acuáticas', 4, 'Lake View Inn', 1);
INSERT INTO hotel (id, codigo, nombre, descripcion, direccion_id, cadena, estado)
VALUES (25, 'H6702', 'Historic Mansion', 'Elegancia y legado histórico', 5, 'Historic Mansion', 1);
INSERT INTO hotel (id, codigo, nombre, descripcion, direccion_id, cadena, estado)
VALUES (26, 'H2803', 'Garden Retreat', 'Refugio de paz y armonía', 6, 'Garden Retreat', 1);
INSERT INTO hotel (id, codigo, nombre, descripcion, direccion_id, cadena, estado)
VALUES (27, 'H4301', 'Sunny Beach Hotel', 'Disfruta del sol y la playa', 7, 'Sunny Beach Hotels', 1);
INSERT INTO hotel (id, codigo, nombre, descripcion, direccion_id, cadena, estado)
VALUES (28, 'H7602', 'Countryside Lodge', 'Escapada al campo y actividades al aire libre', 8, 'Countryside Lodge', 1);
INSERT INTO hotel (id, codigo, nombre, descripcion, direccion_id, cadena, estado)
VALUES (29, 'H9201', 'Harbor View Inn', 'Vistas al puerto y comodidad costera', 9, 'Harbor View Inn', 1);
INSERT INTO hotel (id, codigo, nombre, descripcion, direccion_id, cadena, estado)
VALUES (30, 'H6203', 'Modern Urban Hotel', 'Estilo contemporáneo en el corazón de la ciudad', 10, 'Modern Urban', 1);


-- INSERT 1
INSERT INTO habitacion (id, codigo, hotel_id, nombre, descripcion, precio, moneda, descuento, estado)
VALUES (1, 'R101', 1, 'Habitación Estándar', 'Cómoda habitación con vista a la ciudad', 120.00, 'USD', 10.00, 1);

-- INSERT 2
INSERT INTO habitacion (id, codigo, hotel_id, nombre, descripcion, precio, moneda, descuento, estado)
VALUES (2, 'R102', 1, 'Suite Ejecutiva', 'Amplia suite con sala de estar', 200.00, 'USD', 15.00, 1);

-- INSERT 3
INSERT INTO habitacion (id, codigo, hotel_id, nombre, descripcion, precio, moneda, descuento, estado)
VALUES (3, 'R201', 2, 'Habitación Vista al Mar', 'Habitación con balcón y vista al mar', 180.00, 'USD', 8.00, 1);

-- INSERT 4
INSERT INTO habitacion (id, codigo, hotel_id, nombre, descripcion, precio, moneda, descuento, estado)
VALUES (4, 'R202', 2, 'Suite Presidencial', 'Suite de lujo con jacuzzi privado', 350.00, 'USD', 20.00, 1);

-- INSERT 5
INSERT INTO habitacion (id, codigo, hotel_id, nombre, descripcion, precio, moneda, descuento, estado)
VALUES (5, 'R301', 3, 'Habitación Deluxe', 'Habitación con vista panorámica de la ciudad', 140.00, 'USD', 12.00, 1);

-- INSERT 6
INSERT INTO habitacion (id, codigo, hotel_id, nombre, descripcion, precio, moneda, descuento, estado)
VALUES (6, 'R302', 3, 'Suite Familiar', 'Suite ideal para familias', 240.00, 'USD', 10.00, 1);

-- INSERT 7
INSERT INTO habitacion (id, codigo, hotel_id, nombre, descripcion, precio, moneda, descuento, estado)
VALUES (7, 'R501', 5, 'Habitación con Terraza', 'Habitación con terraza privada', 160.00, 'USD', 10.00, 1);

-- INSERT 8
INSERT INTO habitacion (id, codigo, hotel_id, nombre, descripcion, precio, moneda, descuento, estado)
VALUES (8, 'R502', 5, 'Habitación con Jacuzzi', 'Habitación con jacuzzi en la habitación', 180.00, 'USD', 12.00, 1);

-- INSERT 9
INSERT INTO habitacion (id, codigo, hotel_id, nombre, descripcion, precio, moneda, descuento, estado)
VALUES (9, 'R101', 1, 'Habitación Estándar', 'Cómoda habitación con vista a la ciudad', 120.00, 'USD', 10.00, 1);

-- INSERT 10
INSERT INTO habitacion (id, codigo, hotel_id, nombre, descripcion, precio, moneda, descuento, estado)
VALUES (10, 'R102', 1, 'Suite Ejecutiva', 'Amplia suite con sala de estar', 200.00, 'USD', 15.00, 1);

-- INSERT 11
INSERT INTO habitacion (id, codigo, hotel_id, nombre, descripcion, precio, moneda, descuento, estado)
VALUES (11, 'R201', 2, 'Habitación Vista al Mar', 'Habitación con balcón y vista al mar', 180.00, 'USD', 8.00, 1);

-- INSERT 12
INSERT INTO habitacion (id, codigo, hotel_id, nombre, descripcion, precio, moneda, descuento, estado)
VALUES (12, 'R202', 2, 'Suite Presidencial', 'Suite de lujo con jacuzzi privado', 350.00, 'USD', 20.00, 1);

-- INSERT 13
INSERT INTO habitacion (id, codigo, hotel_id, nombre, descripcion, precio, moneda, descuento, estado)
VALUES (13, 'R301', 3, 'Habitación Deluxe', 'Habitación con vista panorámica de la ciudad', 140.00, 'USD', 12.00, 1);

-- INSERT 14
INSERT INTO habitacion (id, codigo, hotel_id, nombre, descripcion, precio, moneda, descuento, estado)
VALUES (14, 'R302', 3, 'Suite Familiar', 'Suite ideal para familias', 240.00, 'USD', 10.00, 1);

-- INSERT 15
INSERT INTO habitacion (id, codigo, hotel_id, nombre, descripcion, precio, moneda, descuento, estado)
VALUES (15, 'R501', 5, 'Habitación con Terraza', 'Habitación con terraza privada', 160.00, 'USD', 10.00, 1);

-- INSERT 16
INSERT INTO habitacion (id, codigo, hotel_id, nombre, descripcion, precio, moneda, descuento, estado)
VALUES (16, 'R502', 5, 'Habitación con Jacuzzi', 'Habitación con jacuzzi en la habitación', 180.00, 'USD', 12.00, 1);

-- INSERT 17
INSERT INTO habitacion (id, codigo, hotel_id, nombre, descripcion, precio, moneda, descuento, estado)
VALUES (17, 'R101', 1, 'Habitación Estándar', 'Cómoda habitación con vista a la ciudad', 120.00, 'USD', 10.00, 1);

-- INSERT 18
INSERT INTO habitacion (id, codigo, hotel_id, nombre, descripcion, precio, moneda, descuento, estado)
VALUES (18, 'R102', 1, 'Suite Ejecutiva', 'Amplia suite con sala de estar', 200.00, 'USD', 15.00, 1);

-- INSERT 19
INSERT INTO habitacion (id, codigo, hotel_id, nombre, descripcion, precio, moneda, descuento, estado)
VALUES (19, 'R201', 2, 'Habitación Vista al Mar', 'Habitación con balcón y vista al mar', 180.00, 'USD', 8.00, 1);

-- INSERT 20
INSERT INTO habitacion (id, codigo, hotel_id, nombre, descripcion, precio, moneda, descuento, estado)
VALUES (20, 'R202', 2, 'Suite Presidencial', 'Suite de lujo con jacuzzi privado', 350.00, 'USD', 20.00, 1);

-- INSERT 21
INSERT INTO habitacion (id, codigo, hotel_id, nombre, descripcion, precio, moneda, descuento, estado)
VALUES (21, 'R301', 3, 'Habitación Deluxe', 'Habitación con vista panorámica de la ciudad', 140.00, 'USD', 12.00, 1);

-- INSERT 22
INSERT INTO habitacion (id, codigo, hotel_id, nombre, descripcion, precio, moneda, descuento, estado)
VALUES (22, 'R302', 3, 'Suite Familiar', 'Suite ideal para familias', 240.00, 'USD', 10.00, 1);

-- INSERT 23
INSERT INTO habitacion (id, codigo, hotel_id, nombre, descripcion, precio, moneda, descuento, estado)
VALUES (23, 'R501', 5, 'Habitación con Terraza', 'Habitación con terraza privada', 160.00, 'USD', 10.00, 1);

-- INSERT 24
INSERT INTO habitacion (id, codigo, hotel_id, nombre, descripcion, precio, moneda, descuento, estado)
VALUES (24, 'R502', 5, 'Habitación con Jacuzzi', 'Habitación con jacuzzi en la habitación', 180.00, 'USD', 12.00, 1);

-- INSERT 25
INSERT INTO habitacion (id, codigo, hotel_id, nombre, descripcion, precio, moneda, descuento, estado)
VALUES (25, 'R101', 1, 'Habitación Estándar', 'Cómoda habitación con vista a la ciudad', 120.00, 'USD', 10.00, 1);

-- INSERT 26
INSERT INTO habitacion (id, codigo, hotel_id, nombre, descripcion, precio, moneda, descuento, estado)
VALUES (26, 'R102', 1, 'Suite Ejecutiva', 'Amplia suite con sala de estar', 200.00, 'USD', 15.00, 1);

-- INSERT 27
INSERT INTO habitacion (id, codigo, hotel_id, nombre, descripcion, precio, moneda, descuento, estado)
VALUES (27, 'R201', 2, 'Habitación Vista al Mar', 'Habitación con balcón y vista al mar', 180.00, 'USD', 8.00, 1);

-- INSERT 28
INSERT INTO habitacion (id, codigo, hotel_id, nombre, descripcion, precio, moneda, descuento, estado)
VALUES (28, 'R202', 2, 'Suite Presidencial', 'Suite de lujo con jacuzzi privado', 350.00, 'USD', 20.00, 1);

-- INSERT 29
INSERT INTO habitacion (id, codigo, hotel_id, nombre, descripcion, precio, moneda, descuento, estado)
VALUES (29, 'R301', 3, 'Habitación Deluxe', 'Habitación con vista panorámica de la ciudad', 140.00, 'USD', 12.00, 1);

-- INSERT 30
INSERT INTO habitacion (id, codigo, hotel_id, nombre, descripcion, precio, moneda, descuento, estado)
VALUES (30, 'R302', 3, 'Suite Familiar', 'Suite ideal para familias', 240.00, 'USD', 10.00, 1);

-- INSERT 31
INSERT INTO habitacion (id, codigo, hotel_id, nombre, descripcion, precio, moneda, descuento, estado)
VALUES (31, 'R501', 5, 'Habitación con Terraza', 'Habitación con terraza privada', 160.00, 'USD', 10.00, 1);

-- INSERT 32
INSERT INTO habitacion (id, codigo, hotel_id, nombre, descripcion, precio, moneda, descuento, estado)
VALUES (32, 'R502', 5, 'Habitación con Jacuzzi', 'Habitación con jacuzzi en la habitación', 180.00, 'USD', 12.00, 1);

-- INSERT 33
INSERT INTO habitacion (id, codigo, hotel_id, nombre, descripcion, precio, moneda, descuento, estado)
VALUES (33, 'R101', 1, 'Habitación Estándar', 'Cómoda habitación con vista a la ciudad', 120.00, 'USD', 10.00, 1);

-- INSERT 34
INSERT INTO habitacion (id, codigo, hotel_id, nombre, descripcion, precio, moneda, descuento, estado)
VALUES (34, 'R102', 1, 'Suite Ejecutiva', 'Amplia suite con sala de estar', 200.00, 'USD', 15.00, 1);

-- INSERT 35
INSERT INTO habitacion (id, codigo, hotel_id, nombre, descripcion, precio, moneda, descuento, estado)
VALUES (35, 'R201', 2, 'Habitación Vista al Mar', 'Habitación con balcón y vista al mar', 180.00, 'USD', 8.00, 1);

-- INSERT 36
INSERT INTO habitacion (id, codigo, hotel_id, nombre, descripcion, precio, moneda, descuento, estado)
VALUES (36, 'R202', 2, 'Suite Presidencial', 'Suite de lujo con jacuzzi privado', 350.00, 'USD', 20.00, 1);

-- INSERT 37
INSERT INTO habitacion (id, codigo, hotel_id, nombre, descripcion, precio, moneda, descuento, estado)
VALUES (37, 'R301', 3, 'Habitación Deluxe', 'Habitación con vista panorámica de la ciudad', 140.00, 'USD', 12.00, 1);

-- INSERT 38
INSERT INTO habitacion (id, codigo, hotel_id, nombre, descripcion, precio, moneda, descuento, estado)
VALUES (38, 'R302', 3, 'Suite Familiar', 'Suite ideal para familias', 240.00, 'USD', 10.00, 1);

-- INSERT 39
INSERT INTO habitacion (id, codigo, hotel_id, nombre, descripcion, precio, moneda, descuento, estado)
VALUES (39, 'R501', 5, 'Habitación con Terraza', 'Habitación con terraza privada', 160.00, 'USD', 10.00, 1);

-- INSERT 40
INSERT INTO habitacion (id, codigo, hotel_id, nombre, descripcion, precio, moneda, descuento, estado)
VALUES (40, 'R502', 5, 'Habitación con Jacuzzi', 'Habitación con jacuzzi en la habitación', 180.00, 'USD', 12.00, 1);

-- INSERT 41
INSERT INTO habitacion (id, codigo, hotel_id, nombre, descripcion, precio, moneda, descuento, estado)
VALUES (41, 'R101', 1, 'Habitación Estándar', 'Cómoda habitación con vista a la ciudad', 120.00, 'USD', 10.00, 1);

-- INSERT 42
INSERT INTO habitacion (id, codigo, hotel_id, nombre, descripcion, precio, moneda, descuento, estado)
VALUES (42, 'R102', 1, 'Suite Ejecutiva', 'Amplia suite con sala de estar', 200.00, 'USD', 15.00, 1);

-- INSERT 43
INSERT INTO habitacion (id, codigo, hotel_id, nombre, descripcion, precio, moneda, descuento, estado)
VALUES (43, 'R201', 2, 'Habitación Vista al Mar', 'Habitación con balcón y vista al mar', 180.00, 'USD', 8.00, 1);

-- INSERT 44
INSERT INTO habitacion (id, codigo, hotel_id, nombre, descripcion, precio, moneda, descuento, estado)
VALUES (44, 'R202', 2, 'Suite Presidencial', 'Suite de lujo con jacuzzi privado', 350.00, 'USD', 20.00, 1);

-- INSERT 45
INSERT INTO habitacion (id, codigo, hotel_id, nombre, descripcion, precio, moneda, descuento, estado)
VALUES (45, 'R301', 3, 'Habitación Deluxe', 'Habitación con vista panorámica de la ciudad', 140.00, 'USD', 12.00, 1);

-- INSERT 46
INSERT INTO habitacion (id, codigo, hotel_id, nombre, descripcion, precio, moneda, descuento, estado)
VALUES (46, 'R302', 3, 'Suite Familiar', 'Suite ideal para familias', 240.00, 'USD', 10.00, 1);

-- INSERT 47
INSERT INTO habitacion (id, codigo, hotel_id, nombre, descripcion, precio, moneda, descuento, estado)
VALUES (47, 'R501', 5, 'Habitación con Terraza', 'Habitación con terraza privada', 160.00, 'USD', 10.00, 1);

-- INSERT 48
INSERT INTO habitacion (id, codigo, hotel_id, nombre, descripcion, precio, moneda, descuento, estado)
VALUES (48, 'R502', 5, 'Habitación con Jacuzzi', 'Habitación con jacuzzi en la habitación', 180.00, 'USD', 12.00, 1);

-- INSERT 49
INSERT INTO habitacion (id, codigo, hotel_id, nombre, descripcion, precio, moneda, descuento, estado)
VALUES (49, 'R101', 1, 'Habitación Estándar', 'Cómoda habitación con vista a la ciudad', 120.00, 'USD', 10.00, 1);

-- INSERT 50
INSERT INTO habitacion (id, codigo, hotel_id, nombre, descripcion, precio, moneda, descuento, estado)
VALUES (50, 'R102', 1, 'Suite Ejecutiva', 'Amplia suite con sala de estar', 200.00, 'USD', 15.00, 1);



-- INSERT 1
INSERT INTO reservacion (id, itinerario, monto_total, hotel_id, fecha_entrada, fecha_salida, estado)
VALUES (1, 'ABCD123', 250.00, 1, '2023-08-10 14:00:00', '2023-08-15 11:00:00', 'reservado');

-- INSERT 2
INSERT INTO reservacion (id, itinerario, monto_total, hotel_id, fecha_entrada, fecha_salida, estado)
VALUES (2, 'WXYZ987', 180.50, 5, '2023-09-05 12:00:00', '2023-09-10 10:00:00', 'actualizado');

-- INSERT 3
INSERT INTO reservacion (id, itinerario, monto_total, hotel_id, fecha_entrada, fecha_salida, estado)
VALUES (3, 'LMNO456', 300.20, 10, '2023-07-30 15:00:00', '2023-08-05 12:00:00', 'reservado');

-- INSERT 4
INSERT INTO reservacion (id, itinerario, monto_total, hotel_id, fecha_entrada, fecha_salida, estado)
VALUES (4, 'QRST789', 190.00, 15, '2023-08-25 13:00:00', '2023-08-30 11:00:00', 'reservado');

-- INSERT 5
INSERT INTO reservacion (id, itinerario, monto_total, hotel_id, fecha_entrada, fecha_salida, estado)
VALUES (5, 'EFGH234', 220.75, 20, '2023-09-15 14:00:00', '2023-09-20 12:00:00', 'actualizado');

-- INSERT 6
INSERT INTO reservacion (id, itinerario, monto_total, hotel_id, fecha_entrada, fecha_salida, estado)
VALUES (6, 'IJKL567', 180.00, 25, '2023-07-20 11:00:00', '2023-07-25 09:00:00', 'reservado');

-- INSERT 7
INSERT INTO reservacion (id, itinerario, monto_total, hotel_id, fecha_entrada, fecha_salida, estado)
VALUES (7, 'MNOP890', 210.50, 30, '2023-08-05 12:00:00', '2023-08-10 10:00:00', 'reservado');

-- INSERT 8
INSERT INTO reservacion (id, itinerario, monto_total, hotel_id, fecha_entrada, fecha_salida, estado)
VALUES (8, 'UVWX345', 270.80, 3, '2023-09-20 15:00:00', '2023-09-25 12:00:00', 'actualizado');

-- INSERT 9
INSERT INTO reservacion (id, itinerario, monto_total, hotel_id, fecha_entrada, fecha_salida, estado)
VALUES (9, 'YZAB678', 190.00, 8, '2023-07-15 13:00:00', '2023-07-20 11:00:00', 'reservado');

-- INSERT 10
INSERT INTO reservacion (id, itinerario, monto_total, hotel_id, fecha_entrada, fecha_salida, estado)
VALUES (10, 'CDEF901', 200.25, 13, '2023-08-30 14:00:00', '2023-09-04 12:00:00', 'actualizado');




-- INSERT 1
INSERT INTO reservacion_detalle (id, reservacion_id, habitacion_id, costo, estado)
VALUES (1, 1, 1, 120.00, 1);

-- INSERT 2
INSERT INTO reservacion_detalle (id, reservacion_id, habitacion_id, costo, estado)
VALUES (2, 1, 3, 150.00, 1);

-- INSERT 3
INSERT INTO reservacion_detalle (id, reservacion_id, habitacion_id, costo, estado)
VALUES (3, 2, 5, 180.50, 2);

-- INSERT 4
INSERT INTO reservacion_detalle (id, reservacion_id, habitacion_id, costo, estado)
VALUES (4, 3, 10, 220.00, 1);

-- INSERT 5
INSERT INTO reservacion_detalle (id, reservacion_id, habitacion_id, costo, estado)
VALUES (5, 3, 15, 190.00, 2);

-- INSERT 6
INSERT INTO reservacion_detalle (id, reservacion_id, habitacion_id, costo, estado)
VALUES (6, 4, 20, 200.75, 1);

-- INSERT 7
INSERT INTO reservacion_detalle (id, reservacion_id, habitacion_id, costo, estado)
VALUES (7, 4, 25, 210.00, 1);

-- INSERT 8
INSERT INTO reservacion_detalle (id, reservacion_id, habitacion_id, costo, estado)
VALUES (8, 5, 2, 170.50, 2);

-- INSERT 9
INSERT INTO reservacion_detalle (id, reservacion_id, habitacion_id, costo, estado)
VALUES (9, 6, 4, 150.00, 1);

-- INSERT 10
INSERT INTO reservacion_detalle (id, reservacion_id, habitacion_id, costo, estado)
VALUES (10, 7, 7, 180.00, 1);

-- INSERT 11
INSERT INTO reservacion_detalle (id, reservacion_id, habitacion_id, costo, estado)
VALUES (11, 8, 9, 200.25, 2);

-- INSERT 12
INSERT INTO reservacion_detalle (id, reservacion_id, habitacion_id, costo, estado)
VALUES (12, 9, 11, 140.00, 1);

-- INSERT 13
INSERT INTO reservacion_detalle (id, reservacion_id, habitacion_id, costo, estado)
VALUES (13, 10, 13, 160.50, 1);

-- INSERT 14
INSERT INTO reservacion_detalle (id, reservacion_id, habitacion_id, costo, estado)
VALUES (14, 10, 15, 180.00, 2);

-- INSERT 15
INSERT INTO reservacion_detalle (id, reservacion_id, habitacion_id, costo, estado)
VALUES (15, 10, 17, 220.00, 1);

-- INSERT 16
INSERT INTO reservacion_detalle (id, reservacion_id, habitacion_id, costo, estado)
VALUES (16, 9, 19, 210.75, 1);

-- INSERT 17
INSERT INTO reservacion_detalle (id, reservacion_id, habitacion_id, costo, estado)
VALUES (17, 8, 21, 195.00, 2);

-- INSERT 18
INSERT INTO reservacion_detalle (id, reservacion_id, habitacion_id, costo, estado)
VALUES (18, 7, 23, 185.50, 1);

-- INSERT 19
INSERT INTO reservacion_detalle (id, reservacion_id, habitacion_id, costo, estado)
VALUES (19, 6, 25, 230.00, 1);

-- INSERT 20
INSERT INTO reservacion_detalle (id, reservacion_id, habitacion_id, costo, estado)
VALUES (20, 5, 2, 190.00, 2);

-- INSERT 21
INSERT INTO reservacion_detalle (id, reservacion_id, habitacion_id, costo, estado)
VALUES (21, 4, 4, 220.25, 1);
